Workbook

Sheet 一年的每一週
A1: 一年的每一週（普通難度・25 週）
A2: 第 1 年從第 7 週「決定 20 人名單」開始（六月上任）。第 3 年打完第 12 週的甲子園就結束。
A4: 週 | B4: 時期 | C4: 事件 | D4: 種別 | E4: 場數 | F4: 有沒有可能不打 | G4: 這一週要決定什麼 | H4: 可選行動數
A5: 1 | B5: 4月初 | C5: 開學 ／ 升上新年級 | D5: 過場
A6: 2 | B6: 4月中 | C6: 新生入學（新隊員加入） | D6: 過場 | G6: 新生加入（自動）
A7: 3 | B7: 4月底 | C7: 新生測驗 ／ 決定守備位置 | D7: 練習 | G7: 決定新生的守備位置 | H7: 10
A8: 4 | B8: 5月初 | C8: 練習賽 ① | D8: 練習 | E8: 1 | H8: 10
A9: 5 | B9: 5月底 | C9: 練習賽 ②（順便觀察對手） | D9: 練習 | E9: 1 | H9: 10
A10: 6 | B10: 6月初 | C10: 練習賽 ③ | D10: 練習 | E10: 1 | H10: 11
A11: 7 | B11: 6月底 | C11: 決定 20 人名單 ／ 抽籤 | D11: 過場 | G11: ★ 砍到 20 人（真實規則）
A12: 8 | B12: 6月底 | C12: 最後調整 | D12: 練習 | H12: 11
A13: 9 | B13: 7月初 | C13: 地區大賽 第1輪〜第3輪 | D13: 比賽 | E13: 3
A14: 10 | B14: 7月底 | C14: 地區大賽 八強賽〜冠軍賽 | D14: 比賽 | E14: 3 | F14: 會（輸了就變練習週）
A15: 11 | B15: 8月初 | C15: 甲子園 第1輪〜第3輪 | D15: 比賽 | E15: 3 | F15: 會（輸了就變練習週）
A16: 12 | B16: 8月底 | C16: 甲子園 八強賽〜冠軍賽 | D16: 比賽 | E16: 3 | F16: 會（輸了就變練習週）
A17: 13 | B17: 8月底 | C17: 三年級退隊 ／ 組新隊伍 | D17: 過場 | G17: 三年級離隊（自動）
A18: 14 | B18: 9月初 | C18: 選新隊長 ／ 重排守備位置 | D18: 過場 | G18: 選新隊長、重排守備位置
A19: 15 | B19: 9月底 | C19: 秋季縣大賽 第1輪〜冠軍賽 | D19: 比賽 | E19: 3
A20: 16 | B20: 10月中 | C20: 秋季地區大賽 第1輪〜冠軍賽 | D20: 比賽 | E20: 3 | F20: 會（輸了就變練習週）
A21: 17 | B21: 10月底 | C21: 職棒選秀 ／ 開始招生 | D21: 練習 | H21: 11
A22: 18 | B22: 11月 | C22: 去看國中生 | D22: 練習 | H22: 11
A23: 19 | B23: 12月 | C23: 冬季集訓 ① | D23: 練習 | H23: 11
A24: 20 | B24: 12月 | C24: 冬季集訓 ② | D24: 練習 | H24: 11
A25: 21 | B25: 1月 | C25: 最後招生談判 | D25: 練習 | H25: 12
A26: 22 | B26: 2月 | C26: 確定新生（招生截止） | D26: 練習 | G26: ★ 最後確認要收哪些新生 | H26: 12
A27: 23 | B27: 3月初 | C27: 春季甲子園選拔公布 ／ 畢業典禮 | D27: 過場 | G27: 看有沒有選上春季甲子園
A28: 24 | B28: 3月底 | C28: 春季甲子園 第1輪〜八強賽 | D28: 比賽 | E28: 3 | F28: 會（輸了就變練習週）
A29: 25 | B29: 3月底 | C29: 春季甲子園 四強賽〜冠軍賽 | D29: 比賽 | E29: 2 | F29: 會（輸了就變練習週）
A31: 合計 | B31: 比賽週 | C31: =COUNTIF(D5:D29,"比賽") -> 8
B32: 練習週 | C32: =COUNTIF(D5:D29,"練習") -> 11
B33: 過場週 | C33: =COUNTIF(D5:D29,"過場") -> 6
B34: 正式比賽場數 | C34: =SUMIF(D5:D29,"比賽",E5:E29) -> 23
B35: 預設的練習賽場數 | C35: =SUMIF(D5:D29,"練習",E5:E29) -> 3
B36: 總週數 | C36: =COUNT(A5:A29) -> 25

Sheet 每週可做的行動
A1: 每週可做的行動
A2: ○＝可以選 空白＝不能選。一週只能挑一個。比賽週和過場週沒有行動可選。
A4: 週 | B4: 時期 | C4: 事件 | D4: 種別 | E4: 打擊練習 | F4: 長打練習 | G4: 守備練習 | H4: 傳球練習 | I4: 跑壘練習 | J4: 投球練習 | K4: 變化球練習 | L4: 體能訓練 | M4: 練習賽 | N4: 休息 | O4: 招生 | P4: 偵察對手 | Q4: 可選數
A5: 1 | B5: 4月初 | C5: 開學 ／ 升上新年級 | D5: 過場 | Q5: =COUNTIF(E5:P5,"○") -> 0
A6: 2 | B6: 4月中 | C6: 新生入學（新隊員加入） | D6: 過場 | Q6: =COUNTIF(E6:P6,"○") -> 0
A7: 3 | B7: 4月底 | C7: 新生測驗 ／ 決定守備位置 | D7: 練習 | E7: ○ | F7: ○ | G7: ○ | H7: ○ | I7: ○ | J7: ○ | K7: ○ | L7: ○ | M7: ○ | N7: ○ | Q7: =COUNTIF(E7:P7,"○") -> 10
A8: 4 | B8: 5月初 | C8: 練習賽 ① | D8: 練習 | E8: ○ | F8: ○ | G8: ○ | H8: ○ | I8: ○ | J8: ○ | K8: ○ | L8: ○ | M8: ○ | N8: ○ | Q8: =COUNTIF(E8:P8,"○") -> 10
A9: 5 | B9: 5月底 | C9: 練習賽 ②（順便觀察對手） | D9: 練習 | E9: ○ | F9: ○ | G9: ○ | H9: ○ | I9: ○ | J9: ○ | K9: ○ | L9: ○ | M9: ○ | N9: ○ | Q9: =COUNTIF(E9:P9,"○") -> 10
A10: 6 | B10: 6月初 | C10: 練習賽 ③ | D10: 練習 | E10: ○ | F10: ○ | G10: ○ | H10: ○ | I10: ○ | J10: ○ | K10: ○ | L10: ○ | M10: ○ | N10: ○ | P10: ○ | Q10: =COUNTIF(E10:P10,"○") -> 11
A11: 7 | B11: 6月底 | C11: 決定 20 人名單 ／ 抽籤 | D11: 過場 | Q11: =COUNTIF(E11:P11,"○") -> 0
A12: 8 | B12: 6月底 | C12: 最後調整 | D12: 練習 | E12: ○ | F12: ○ | G12: ○ | H12: ○ | I12: ○ | J12: ○ | K12: ○ | L12: ○ | M12: ○ | N12: ○ | P12: ○ | Q12: =COUNTIF(E12:P12,"○") -> 11
A13: 9 | B13: 7月初 | C13: 地區大賽 第1輪〜第3輪 | D13: 比賽 | Q13: =COUNTIF(E13:P13,"○") -> 0
A14: 10 | B14: 7月底 | C14: 地區大賽 八強賽〜冠軍賽 | D14: 比賽 | Q14: =COUNTIF(E14:P14,"○") -> 0
A15: 11 | B15: 8月初 | C15: 甲子園 第1輪〜第3輪 | D15: 比賽 | Q15: =COUNTIF(E15:P15,"○") -> 0
A16: 12 | B16: 8月底 | C16: 甲子園 八強賽〜冠軍賽 | D16: 比賽 | Q16: =COUNTIF(E16:P16,"○") -> 0
A17: 13 | B17: 8月底 | C17: 三年級退隊 ／ 組新隊伍 | D17: 過場 | Q17: =COUNTIF(E17:P17,"○") -> 0
A18: 14 | B18: 9月初 | C18: 選新隊長 ／ 重排守備位置 | D18: 過場 | Q18: =COUNTIF(E18:P18,"○") -> 0
A19: 15 | B19: 9月底 | C19: 秋季縣大賽 第1輪〜冠軍賽 | D19: 比賽 | Q19: =COUNTIF(E19:P19,"○") -> 0
A20: 16 | B20: 10月中 | C20: 秋季地區大賽 第1輪〜冠軍賽 | D20: 比賽 | Q20: =COUNTIF(E20:P20,"○") -> 0
A21: 17 | B21: 10月底 | C21: 職棒選秀 ／ 開始招生 | D21: 練習 | E21: ○ | F21: ○ | G21: ○ | H21: ○ | I21: ○ | J21: ○ | K21: ○ | L21: ○ | M21: ○ | N21: ○ | O21: ○ | Q21: =COUNTIF(E21:P21,"○") -> 11
A22: 18 | B22: 11月 | C22: 去看國中生 | D22: 練習 | E22: ○ | F22: ○ | G22: ○ | H22: ○ | I22: ○ | J22: ○ | K22: ○ | L22: ○ | M22: ○ | N22: ○ | O22: ○ | Q22: =COUNTIF(E22:P22,"○") -> 11
A23: 19 | B23: 12月 | C23: 冬季集訓 ① | D23: 練習 | E23: ○ | F23: ○ | G23: ○ | H23: ○ | I23: ○ | J23: ○ | K23: ○ | L23: ○ | M23: ○ | N23: ○ | O23: ○ | Q23: =COUNTIF(E23:P23,"○") -> 11
A24: 20 | B24: 12月 | C24: 冬季集訓 ② | D24: 練習 | E24: ○ | F24: ○ | G24: ○ | H24: ○ | I24: ○ | J24: ○ | K24: ○ | L24: ○ | M24: ○ | N24: ○ | O24: ○ | Q24: =COUNTIF(E24:P24,"○") -> 11
A25: 21 | B25: 1月 | C25: 最後招生談判 | D25: 練習 | E25: ○ | F25: ○ | G25: ○ | H25: ○ | I25: ○ | J25: ○ | K25: ○ | L25: ○ | M25: ○ | N25: ○ | O25: ○ | P25: ○ | Q25: =COUNTIF(E25:P25,"○") -> 12
A26: 22 | B26: 2月 | C26: 確定新生（招生截止） | D26: 練習 | E26: ○ | F26: ○ | G26: ○ | H26: ○ | I26: ○ | J26: ○ | K26: ○ | L26: ○ | M26: ○ | N26: ○ | O26: ○ | P26: ○ | Q26: =COUNTIF(E26:P26,"○") -> 12
A27: 23 | B27: 3月初 | C27: 春季甲子園選拔公布 ／ 畢業典禮 | D27: 過場 | Q27: =COUNTIF(E27:P27,"○") -> 0
A28: 24 | B28: 3月底 | C28: 春季甲子園 第1輪〜八強賽 | D28: 比賽 | Q28: =COUNTIF(E28:P28,"○") -> 0
A29: 25 | B29: 3月底 | C29: 春季甲子園 四強賽〜冠軍賽 | D29: 比賽 | Q29: =COUNTIF(E29:P29,"○") -> 0
C30: 這個行動一年可以用幾週 | E30: =COUNTIF(E5:E29,"○") -> 11 | F30: =COUNTIF(F5:F29,"○") -> 11 | G30: =COUNTIF(G5:G29,"○") -> 11 | H30: =COUNTIF(H5:H29,"○") -> 11 | I30: =COUNTIF(I5:I29,"○") -> 11 | J30: =COUNTIF(J5:J29,"○") -> 11 | K30: =COUNTIF(K5:K29,"○") -> 11 | L30: =COUNTIF(L5:L29,"○") -> 11 | ... P30: =COUNTIF(P5:P29,"○") -> 4

Sheet 行動一覽
A1: 行動一覽
A2: 一週只能挑一個行動。這是整個遊戲的核心取捨。
A4: 行動 | B4: 種類 | C4: 效果 | D4: 一年可用週數
A5: 打擊練習 | B5: 練習項目 | C5: 打擊 +1.0、力量 +0.5 | D5: =每週可做的行動!E30 -> 11
A6: 長打練習 | B6: 練習項目 | C6: 力量 +1.0、打擊 +0.35 | D6: =每週可做的行動!F30 -> 11
A7: 守備練習 | B7: 練習項目 | C7: 守備 +1.0、接球 +0.75 | D7: =每週可做的行動!G30 -> 11
A8: 傳球練習 | B8: 練習項目 | C8: 臂力 +1.0、守備 +0.35 | D8: =每週可做的行動!H30 -> 11
A9: 跑壘練習 | B9: 練習項目 | C9: 速度 +1.0、打擊 +0.2 | D9: =每週可做的行動!I30 -> 11
A10: 投球練習 | B10: 練習項目 | C10: 控球 +1.0、球速 +0.7（野手效果只有三成） | D10: =每週可做的行動!J30 -> 11
A11: 變化球練習 | B11: 練習項目 | C11: 變化球 +1.0、控球 +0.35（野手效果只有三成） | D11: =每週可做的行動!K30 -> 11
A12: 體能訓練 | B12: 練習項目 | C12: 耐力 +0.8、速度 +0.45、力量 +0.45 | D12: =每週可做的行動!L30 -> 11
A13: 練習賽 | B13: 其他 | C13: 士氣計時器往回撥 4 週。不長能力，但不打的話練習效率會一路掉到五成 | D13: =每週可做的行動!M30 -> 11
A14: 休息 | B14: 其他 | C14: 消疲勞、降低受傷機率（疲勞系統還沒做） | D14: =每週可做的行動!N30 -> 11
A15: 招生 | B15: 限定 | C15: 去談新生。只有冬天的招生視窗能用 | D15: =每週可做的行動!O30 -> 6
A16: 偵察對手 | B16: 限定 | C16: 看下一場的對手，比賽時有加成。只有大賽前幾週能用 | D16: =每週可做的行動!P30 -> 4
A18: 說明
A19: ・練習項目的數字是「成長權重」。權重 1.0 在效率滿、天賦 3 星時，一週大約長 3 分。
A20: ・沒挑到的能力也會長一點（基礎成長，權重 0.5），因為高中生每天都在練球。
A21: ・練習賽本身不長能力，但它是唯一能重置士氣的方法。最佳節奏是「練 4 週打 1 場」。
A22: ・投球和變化球練習對野手只有三成效果，野手練不出投手。
A23: ・休息和偵察的效果還沒實作，先列在這裡當設計備忘。

Sheet 練習項目的權重
A1: 練習項目的成長權重
A2: 空白＝只有基礎成長 0.5。數字越大長越快。
A4: 練習項目 | B4: 打擊 | C4: 力量 | D4: 速度 | E4: 臂力 | F4: 守備 | G4: 接球 | H4: 球速 | I4: 控球 | J4: 耐力 | K4: 變化球 | L4: 權重合計
A5: 打擊練習 | B5: 1 | C5: 0.5 | L5: =SUM(B5:K5) -> 1.5
A6: 長打練習 | B6: 0.35 | C6: 1 | L6: =SUM(B6:K6) -> 1.35
A7: 守備練習 | F7: 1 | G7: 0.75 | L7: =SUM(B7:K7) -> 1.75
A8: 傳球練習 | E8: 1 | F8: 0.35 | L8: =SUM(B8:K8) -> 1.35
A9: 跑壘練習 | B9: 0.2 | D9: 1 | L9: =SUM(B9:K9) -> 1.2
A10: 投球練習 | H10: 0.7 | I10: 1 | L10: =SUM(B10:K10) -> 1.7
A11: 變化球練習 | I11: 0.35 | K11: 1 | L11: =SUM(B11:K11) -> 1.35
A12: 體能訓練 | C12: 0.45 | D12: 0.45 | J12: 0.8 | L12: =SUM(B12:K12) -> 1.7
